St01,HB Pencil ,0
St02,Sharpner,0
St03,Eraser,0
St04,Ballpen Use & Throw ( Blue ),0
St05,Ballpen Use & Throw (Black ),0
St06,Ballpen Use & Throw (Red ),0
St07,Ballpen Reguler,0
St08,Ball Pen Lexi,0
St09,Ball Pen Lexi,0
St10,Ball Pen Refill Lexi,0
St11,Gel Pen ( Black ),0
St12,Gel Pen ( Red ),0
St13,Gel Pen ( Blue ),0
St14,Gel Pen ,0
St15,CD Marker,0
St16,Marker,0
St17,Perment Marker,0
St18,White Board Marker,0
St19,White Board Duster Omega,0
St20,Chalk White,0
St21,Chalk Colour Box,0
St22,Chalk Duster,0
St23,Highliter Pen,0
St24,Whiterner Pen,0
St25,Ruler 30cm,0
St26,File 444,0
St27,Office springFile ,0
St28,Office File simple,0
St29,Excutive Box File,0
St30, Box File Alu clip,0
St31, Box File Steel clip,0
St32, Box File N 4 Anupam,0
St33, Box File N 16 Anupam,0
St34, Box File N 1 Anupam,0
St35,Voucher File,0
St36,Two Clip File,0
St37,Foure Clip File,0
St38,Register 70 pages,0
St39,Register 100 pages,0
St40,Register 200 pages,0
St41,Register 1 Quire,0
St42,Register 2 Quire,0
St43,Register 3Quire,0
St44,Register 80 pages,0
St45,Register 144 pages,0
St46,Register 184 pages,0
St47,Register 212 pages,0
St48,Register 216 pages,0
St49,Stapler Pin no10,0
St50,Stapler no10,0
St51,Stapler Pin no24/6,0
St52,Stapler no24/6,0
St53,HP 45 Stapler,0
St54,Stapler Pin no45,0
St55,Small Cutter,0
St56,Big Cutter,0
St57,DP 52 Punch,0
St58,DP 280 Punch,0
St59,DP 500 Punch,0
St60,DP 600 Punch,0
St61,"Tape 50 mtr 2""",0
St62,"Tape 2"" White",0
St63,"Brown Tape 1""",0
St64,"Brown Tape 2""",0
St65,Brown Texco Tape,0
St66,White Texco Tape,0
St67,Brown Envelope 91/2 x 4 1/2,0
St68,Brown Tape 11 x 5,0
St69,Envelope A4,0
St70,Envelope A4 Brown,0
St71,Envelope A4 Green,0
St72,Polynet Envelope A4,0
St73,Polynet Envelope Legal,0
St74,Polynet Envelope Big 12*16,0
St75,U Clip Big steel,0
St76,U Pin,0
St77,Tachani small Packet,0
St78,Tachani big Packet,0
St79,Sketch Pen ( All Colour ),0
St80,Sketch Pen (Blue ),0
St81,Sketch Pen ( Black ),0
St82,Glue Stick,0
St83,Gum 150ml,0
St84,Gum 300ml,0
St85,Gum 700ml,0
St86,Calculator ,0
St87,Stamp Pad Medium ( Blue ),0
St88,Stamp Pad Medium (Black ),0
St89,Stamp Pad Big ( Blue ),0
St90,Stamp Pad Big (Black ),0
St91,Stamp Pad ink 100ml,0
St92,Stamp Pad ink 25ml,0
St93,Conference Pad,0
St94,CDR,0
St95,DVD,0
St96,OHP Sheet,0
St97,Sealing Wire,0
St98,Pencil Cell,0
St99,AA Pencil Cell,0
St100,AAA Pencil Cell,0
St101,Push Pin,0
St102,Apasara Chalk Duster White,0
St103,Apasara Chalk Duster Colour,0
St104,A4 Rim Paper B2b,0
St105,A4 Rim Paper,0
St106,Ladger Paper,0
St107,Rullod Paper Rim,0
St108,A4 Rim Paper (Andhara Reflection ),0
St109,A4 Rim Paper (My Choice ),0
St110,Legal Size Rim Paper (Andhara Reflection ),0
St111,A4 Paper Rim Paper (B2B ),0
St112,Legal Size Rim Paper (B2B ),0
St113,Colour Paper A4 ,0
St114,D ring File,0
St115,D ring File with lamination,0
St116,Rubber Band ( Big ),0
St117,Rubber Band (Small ),0
St118,Cash book 200 pages,0
St119,stick in note 4 colour,0
St120,Card Sheet all colour,0
St121,Sealing wax,0
St122,Brown Paper,0
St123,Inward Register,0
St124,Out Ward Register,0
St125,Cash Book 2 Q,0
St126,Cash Book 3 Q,0
St127,Carbon Paper ,0
St128,Scissor Small,0
St129,Scissor ,0
St130,Note Book 100 pages,0
St131,Note Book 200 pages,0
St132,A4 Envelopes Brown,0
St133,Box File,0
St134,cash Boox 2 q,0
St135,cutter ,0
St136,dora gundi,0
St137,Double side tape,0
St138,fevicol 100 ml,0
St139,folder ,0
St140,A 4 Envelop,0
St141,Green Envelop 15*16,0
St142,Green Envelop small,0
St143,khal  1/2 kg,0
St144,lock,0
St145,Patti File,0
St146,spring file,0
St147,transfrent file,0
St148,white paint marker,0
St149,Envelope regular,0
St150,Student Attendeent Register,0
St151,Wooden Exam Oad,0
St152,Tag,0
St153,Note Book,0
